[{"pos_x": 436.9725, "pos_y": -217.66, "rotation": 0.0, "side": "top", "designator": "K_52", "mpn": null, "pack": "hotswap with diode", "value": "KEYSW", "mount_type": "smt", "place": true}, {"pos_x": 353.778, "pos_y": -179.28, "rotation": 0.0, "side": "top", "designator": "K_27", "mpn": null, "pack": "MXOnly-1.75U-Hotswap", "value": "KEYSW", "mount_type": "smt", "place": true}, {"pos_x": 456.0225, "pos_y": -217.66, "rotation": 0.0, "side": "top", "designator": "K_53", "mpn": null, "pack": "hotswap with diode", "value": "KEYSW", "mount_type": "smt", "place": true}, {"pos_x": 341.7225, "pos_y": -160.51, "rotation": 0.0, "side": "top", "designator": "K_11", "mpn": null, "pack": "hotswap with diode", "value": "KEYSW", "mount_type": "smt", "place": true}, {"pos_x": 358.5405, "pos_y": -198.33, "rotation": 0.0, "side": "top", "designator": "K_42", "mpn": null, "pack": "MXOnly-1.25U-Hotswap", "value": "KEYSW", "mount_type": "smt", "place": true}, {"pos_x": 270.285, "pos_y": -179.56, "rotation": 0.0, "side": "top", "designator": "K_23", "mpn": null, "pack": "hotswap with diode", "value": "KEYSW", "mount_type": "smt", "place": true}, {"pos_x": 327.435, "pos_y": -179.56, "rotation": 0.0, "side": "top", "designator": "K_26", "mpn": null, "pack": "hotswap with diode", "value": "KEYSW", "mount_type": "smt", "place": true}, {"pos_x": 382.62, "pos_y": -168.21, "rotation": 0.0, "side": "top", "designator": "REF**", "mpn": null, "pack": "RotaryEncoder_Alps_EC11E-Switch_Vertical_H20mm", "value": "RotaryEncoder_Alps_EC11E-Switch_Vertical_H20mm", "mount_type": "tht", "place": true}, {"pos_x": 436.9725, "pos_y": -179.56, "rotation": 0.0, "side": "top", "designator": "K_29", "mpn": null, "pack": "hotswap with diode", "value": "KEYSW", "mount_type": "smt", "place": true}, {"pos_x": 165.51, "pos_y": -198.61, "rotation": 0.0, "side": "top", "designator": "K_32", "mpn": null, "pack": "hotswap with diode", "value": "KEYSW", "mount_type": "smt", "place": true}, {"pos_x": 142.14, "pos_y": -221.45, "rotation": 90.0, "side": "top", "designator": "REF**", "mpn": null, "pack": "D_A-405_P7.62mm_Horizontal", "value": "D_A-405_P7.62mm_Horizontal", "mount_type": "tht", "place": true}, {"pos_x": 436.9725, "pos_y": -160.51, "rotation": 0.0, "side": "top", "designator": "K_14", "mpn": null, "pack": "hotswap with diode", "value": "KEYSW", "mount_type": "smt", "place": true}, {"pos_x": 317.91, "pos_y": -198.61, "rotation": 0.0, "side": "top", "designator": "K_40", "mpn": null, "pack": "hotswap with diode", "value": "KEYSW", "mount_type": "smt", "place": true}, {"pos_x": 417.9225, "pos_y": -160.51, "rotation": 0.0, "side": "top", "designator": "K_13", "mpn": null, "pack": "hotswap with diode", "value": "KEYSW", "mount_type": "smt", "place": true}, {"pos_x": 241.71, "pos_y": -198.61, "rotation": 0.0, "side": "top", "designator": "K_36", "mpn": null, "pack": "hotswap with diode", "value": "KEYSW", "mount_type": "smt", "place": true}, {"pos_x": 251.235, "pos_y": -179.56, "rotation": 0.0, "side": "top", "designator": "K_22", "mpn": null, "pack": "hotswap with diode", "value": "KEYSW", "mount_type": "smt", "place": true}, {"pos_x": 456.0225, "pos_y": -160.51, "rotation": 0.0, "side": "top", "designator": "K_15", "mpn": null, "pack": "hotswap with diode", "value": "KEYSW", "mount_type": "smt", "place": true}, {"pos_x": 322.6725, "pos_y": -160.51, "rotation": 0.0, "side": "top", "designator": "K_10", "mpn": null, "pack": "hotswap with diode", "value": "KEYSW", "mount_type": "smt", "place": true}, {"pos_x": 184.56, "pos_y": -198.61, "rotation": 0.0, "side": "top", "designator": "K_33", "mpn": null, "pack": "hotswap with diode", "value": "KEYSW", "mount_type": "smt", "place": true}, {"pos_x": 436.9725, "pos_y": -198.61, "rotation": 0.0, "side": "top", "designator": "K_44", "mpn": null, "pack": "hotswap with diode", "value": "KEYSW", "mount_type": "smt", "place": true}, {"pos_x": 260.76, "pos_y": -198.61, "rotation": 0.0, "side": "top", "designator": "K_37", "mpn": null, "pack": "hotswap with diode", "value": "KEYSW", "mount_type": "smt", "place": true}, {"pos_x": 276.742021, "pos_y": -227.509994, "rotation": 0.0, "side": "top", "designator": "REF**", "mpn": null, "pack": "MountingHole_2.2mm_M2", "value": "MountingHole_2.2mm_M2", "mount_type": "tht", "place": false}, {"pos_x": 208.3725, "pos_y": -160.51, "rotation": 0.0, "side": "top", "designator": "K_4", "mpn": null, "pack": "hotswap with diode", "value": "KEYSW", "mount_type": "smt", "place": true}, {"pos_x": 336.96, "pos_y": -198.61, "rotation": 0.0, "side": "top", "designator": "K_41", "mpn": null, "pack": "hotswap with diode", "value": "KEYSW", "mount_type": "smt", "place": true}, {"pos_x": 142.12, "pos_y": -183.32, "rotation": 90.0, "side": "top", "designator": "REF**", "mpn": null, "pack": "D_A-405_P7.62mm_Horizontal", "value": "D_A-405_P7.62mm_Horizontal", "mount_type": "tht", "place": true}, {"pos_x": 339.4905, "pos_y": -217.38, "rotation": 0.0, "side": "top", "designator": "K_51", "mpn": null, "pack": "MXOnly-1.25U-Hotswap", "value": "KEYSW", "mount_type": "smt", "place": true}, {"pos_x": 237.09675, "pos_y": -217.38, "rotation": 0.0, "side": "top", "designator": "K_49", "mpn": null, "pack": "MXOnly-7U-Hotswap", "value": "KEYSW", "mount_type": "smt", "place": true}, {"pos_x": 303.6225, "pos_y": -160.51, "rotation": 0.0, "side": "top", "designator": "K_9", "mpn": null, "pack": "hotswap with diode", "value": "KEYSW", "mount_type": "smt", "place": true}, {"pos_x": 378.59, "pos_y": -188.64, "rotation": 180.0, "side": "top", "designator": "REF**", "mpn": null, "pack": "PinHeader_1x16_P2.54mm_Vertical", "value": "PinHeader_1x16_P2.54mm_Vertical", "mount_type": "tht", "place": true}, {"pos_x": 134.703, "pos_y": -179.28, "rotation": 0.0, "side": "top", "designator": "K_16", "mpn": null, "pack": "MXOnly-1.25U-Hotswap", "value": "KEYSW", "mount_type": "smt", "place": true}, {"pos_x": 298.86, "pos_y": -198.61, "rotation": 0.0, "side": "top", "designator": "K_39", "mpn": null, "pack": "hotswap with diode", "value": "KEYSW", "mount_type": "smt", "place": true}, {"pos_x": 323.23, "pos_y": -221.5, "rotation": 90.0, "side": "top", "designator": "REF**", "mpn": null, "pack": "D_A-405_P7.62mm_Horizontal", "value": "D_A-405_P7.62mm_Horizontal", "mount_type": "tht", "place": true}, {"pos_x": 389.3475, "pos_y": -227.185, "rotation": 0.0, "side": "top", "designator": "K_55", "mpn": null, "pack": "hotswap with diode", "value": "KEYSW", "mount_type": "smt", "place": true}, {"pos_x": 232.185, "pos_y": -179.56, "rotation": 0.0, "side": "top", "designator": "K_21", "mpn": null, "pack": "hotswap with diode", "value": "KEYSW", "mount_type": "smt", "place": true}, {"pos_x": 227.4225, "pos_y": -160.51, "rotation": 0.0, "side": "top", "designator": "K_5", "mpn": null, "pack": "hotswap with diode", "value": "KEYSW", "mount_type": "smt", "place": true}, {"pos_x": 408.3975, "pos_y": -227.185, "rotation": 0.0, "side": "top", "designator": "K_56", "mpn": null, "pack": "hotswap with diode", "value": "KEYSW", "mount_type": "smt", "place": true}, {"pos_x": 132.1725, "pos_y": -160.51, "rotation": 0.0, "side": "top", "designator": "K_0", "mpn": null, "pack": "hotswap with diode", "value": "KEYSW", "mount_type": "smt", "place": true}, {"pos_x": 395.49, "pos_y": -152.28, "rotation": -90.0, "side": "top", "designator": "REF**", "mpn": null, "pack": "PinHeader_1x04_P2.54mm_Vertical", "value": "PinHeader_1x04_P2.54mm_Vertical", "mount_type": "tht", "place": true}, {"pos_x": 155.985, "pos_y": -179.56, "rotation": 0.0, "side": "top", "designator": "K_17", "mpn": null, "pack": "hotswap with diode", "value": "KEYSW", "mount_type": "smt", "place": true}, {"pos_x": 289.335, "pos_y": -179.56, "rotation": 0.0, "side": "top", "designator": "K_24", "mpn": null, "pack": "hotswap with diode", "value": "KEYSW", "mount_type": "smt", "place": true}, {"pos_x": 456.0225, "pos_y": -179.56, "rotation": 0.0, "side": "top", "designator": "K_30", "mpn": null, "pack": "hotswap with diode", "value": "KEYSW", "mount_type": "smt", "place": true}, {"pos_x": 346.85, "pos_y": -221.34, "rotation": 90.0, "side": "top", "designator": "REF**", "mpn": null, "pack": "D_A-405_P7.62mm_Horizontal", "value": "D_A-405_P7.62mm_Horizontal", "mount_type": "tht", "place": true}, {"pos_x": 279.81, "pos_y": -198.61, "rotation": 0.0, "side": "top", "designator": "K_38", "mpn": null, "pack": "hotswap with diode", "value": "KEYSW", "mount_type": "smt", "place": true}, {"pos_x": 399.12, "pos_y": -180.76, "rotation": 90.0, "side": "top", "designator": "REF**", "mpn": null, "pack": "D_A-405_P7.62mm_Horizontal", "value": "D_A-405_P7.62mm_Horizontal", "mount_type": "tht", "place": true}, {"pos_x": 146.93, "pos_y": -202.55, "rotation": 90.0, "side": "top", "designator": "REF**", "mpn": null, "pack": "D_A-405_P7.62mm_Horizontal", "value": "D_A-405_P7.62mm_Horizontal", "mount_type": "tht", "place": true}, {"pos_x": 175.035, "pos_y": -179.56, "rotation": 0.0, "side": "top", "designator": "K_18", "mpn": null, "pack": "hotswap with diode", "value": "KEYSW", "mount_type": "smt", "place": true}, {"pos_x": 213.135, "pos_y": -179.56, "rotation": 0.0, "side": "top", "designator": "K_20", "mpn": null, "pack": "hotswap with diode", "value": "KEYSW", "mount_type": "smt", "place": true}, {"pos_x": 151.2225, "pos_y": -160.51, "rotation": 0.0, "side": "top", "designator": "K_1", "mpn": null, "pack": "hotswap with diode", "value": "KEYSW", "mount_type": "smt", "place": true}, {"pos_x": 308.385, "pos_y": -179.56, "rotation": 0.0, "side": "top", "designator": "K_25", "mpn": null, "pack": "hotswap with diode", "value": "KEYSW", "mount_type": "smt", "place": true}, {"pos_x": 417.9225, "pos_y": -179.56, "rotation": 0.0, "side": "top", "designator": "K_28", "mpn": null, "pack": "hotswap with diode", "value": "KEYSW", "mount_type": "smt", "place": true}, {"pos_x": 189.3225, "pos_y": -160.51, "rotation": 0.0, "side": "top", "designator": "K_3", "mpn": null, "pack": "hotswap with diode", "value": "KEYSW", "mount_type": "smt", "place": true}, {"pos_x": 360.7725, "pos_y": -160.51, "rotation": 0.0, "side": "top", "designator": "K_12", "mpn": null, "pack": "hotswap with diode", "value": "KEYSW", "mount_type": "smt", "place": true}, {"pos_x": 134.703, "pos_y": -217.38, "rotation": 0.0, "side": "top", "designator": "K_47", "mpn": null, "pack": "MXOnly-1.25U-Hotswap", "value": "KEYSW", "mount_type": "smt", "place": true}, {"pos_x": 464.422021, "pos_y": -151.709994, "rotation": 0.0, "side": "top", "designator": "REF**", "mpn": null, "pack": "MountingHole_2.2mm_M2", "value": "MountingHole_2.2mm_M2", "mount_type": "tht", "place": false}, {"pos_x": 275.11, "pos_y": -153.3, "rotation": 0.0, "side": "top", "designator": "REF**", "mpn": null, "pack": "MountingHole_2.2mm_M2", "value": "MountingHole_2.2mm_M2", "mount_type": "tht", "place": false}, {"pos_x": 361.29, "pos_y": -183.3, "rotation": 90.0, "side": "top", "designator": "REF**", "mpn": null, "pack": "D_A-405_P7.62mm_Horizontal", "value": "D_A-405_P7.62mm_Horizontal", "mount_type": "tht", "place": true}, {"pos_x": 123.942021, "pos_y": -151.619994, "rotation": 0.0, "side": "top", "designator": "REF**", "mpn": null, "pack": "MountingHole_2.2mm_M2", "value": "MountingHole_2.2mm_M2", "mount_type": "tht", "place": false}, {"pos_x": 417.9225, "pos_y": -198.61, "rotation": 0.0, "side": "top", "designator": "K_43", "mpn": null, "pack": "hotswap with diode", "value": "KEYSW", "mount_type": "smt", "place": true}, {"pos_x": 456.0225, "pos_y": -198.61, "rotation": 0.0, "side": "top", "designator": "K_45", "mpn": null, "pack": "hotswap with diode", "value": "KEYSW", "mount_type": "smt", "place": true}, {"pos_x": 203.61, "pos_y": -198.61, "rotation": 0.0, "side": "top", "designator": "K_34", "mpn": null, "pack": "hotswap with diode", "value": "KEYSW", "mount_type": "smt", "place": true}, {"pos_x": 315.678, "pos_y": -217.38, "rotation": 0.0, "side": "top", "designator": "K_50", "mpn": null, "pack": "MXOnly-1.25U-Hotswap", "value": "KEYSW", "mount_type": "smt", "place": true}, {"pos_x": 194.085, "pos_y": -179.56, "rotation": 0.0, "side": "top", "designator": "K_19", "mpn": null, "pack": "hotswap with diode", "value": "KEYSW", "mount_type": "smt", "place": true}, {"pos_x": 387.86, "pos_y": -159.66, "rotation": 90.0, "side": "top", "designator": "REF**", "mpn": null, "pack": "PinHeader_1x03_P2.54mm_Vertical", "value": "PinHeader_1x03_P2.54mm_Vertical", "mount_type": "tht", "place": true}, {"pos_x": 165.8, "pos_y": -221.57, "rotation": 90.0, "side": "top", "designator": "REF**", "mpn": null, "pack": "D_A-405_P7.62mm_Horizontal", "value": "D_A-405_P7.62mm_Horizontal", "mount_type": "tht", "place": true}, {"pos_x": 370.2975, "pos_y": -227.185, "rotation": 0.0, "side": "top", "designator": "K_54", "mpn": null, "pack": "hotswap with diode", "value": "KEYSW", "mount_type": "smt", "place": true}, {"pos_x": 222.66, "pos_y": -198.61, "rotation": 0.0, "side": "top", "designator": "K_35", "mpn": null, "pack": "hotswap with diode", "value": "KEYSW", "mount_type": "smt", "place": true}, {"pos_x": 365.98, "pos_y": -202.35, "rotation": 90.0, "side": "top", "designator": "REF**", "mpn": null, "pack": "D_A-405_P7.62mm_Horizontal", "value": "D_A-405_P7.62mm_Horizontal", "mount_type": "tht", "place": true}, {"pos_x": 158.5155, "pos_y": -217.38, "rotation": 0.0, "side": "top", "designator": "K_48", "mpn": null, "pack": "MXOnly-1.25U-Hotswap", "value": "KEYSW", "mount_type": "smt", "place": true}, {"pos_x": 265.5225, "pos_y": -160.51, "rotation": 0.0, "side": "top", "designator": "K_7", "mpn": null, "pack": "hotswap with diode", "value": "KEYSW", "mount_type": "smt", "place": true}, {"pos_x": 464.092021, "pos_y": -227.459994, "rotation": 0.0, "side": "top", "designator": "REF**", "mpn": null, "pack": "MountingHole_2.2mm_M2", "value": "MountingHole_2.2mm_M2", "mount_type": "tht", "place": false}, {"pos_x": 389.3475, "pos_y": -208.135, "rotation": 0.0, "side": "top", "designator": "K_46", "mpn": null, "pack": "hotswap with diode", "value": "KEYSW", "mount_type": "smt", "place": true}, {"pos_x": 139.4655, "pos_y": -198.33, "rotation": 0.0, "side": "top", "designator": "K_31", "mpn": null, "pack": "MXOnly-1.75U-Hotswap", "value": "KEYSW", "mount_type": "smt", "place": true}, {"pos_x": 246.4725, "pos_y": -160.51, "rotation": 0.0, "side": "top", "designator": "K_6", "mpn": null, "pack": "hotswap with diode", "value": "KEYSW", "mount_type": "smt", "place": true}, {"pos_x": 124.752021, "pos_y": -227.099994, "rotation": 0.0, "side": "top", "designator": "REF**", "mpn": null, "pack": "MountingHole_2.2mm_M2", "value": "MountingHole_2.2mm_M2", "mount_type": "tht", "place": false}, {"pos_x": 170.2725, "pos_y": -160.51, "rotation": 0.0, "side": "top", "designator": "K_2", "mpn": null, "pack": "hotswap with diode", "value": "KEYSW", "mount_type": "smt", "place": true}, {"pos_x": 284.5725, "pos_y": -160.51, "rotation": 0.0, "side": "top", "designator": "K_8", "mpn": null, "pack": "hotswap with diode", "value": "KEYSW", "mount_type": "smt", "place": true}, {"pos_x": 244.61, "pos_y": -221.43, "rotation": 90.0, "side": "top", "designator": "REF**", "mpn": null, "pack": "D_A-405_P7.62mm_Horizontal", "value": "D_A-405_P7.62mm_Horizontal", "mount_type": "tht", "place": true}]