{
    "keyboard_name": "",
    "manufacturer": "",
    "url": "",
    "maintainer": "qmk",
    "usb": {
        "vid": "0xFEED",
        "pid": "0x0000",
        "device_version": "1.0.0"
    },
    "processor": "atmega32u4",
    "bootloader": "atmel-dfu",
    "matrix_pins": {
        "rows": ["B0", "B1", "B2", "B3"],
        "cols": ["B5", "B6", "B7", "C0", "C1", "C2", "C3", "C4", "C5", "C6", "C7", "D0", "D1", "D2", "D3", "D4"]
    },
    "diode_direction": "COL2ROW",
    "features": {
        "bootmagic": true,
        "mousekey": true,
        "extrakey": true,
        "console": false,
        "command": false,
        "nkro": false,
        "backlight": false,
        "rgblight": false,
        "audio": false,
        "key_lock": false
    },
    "layouts": {
        "LAYOUT": {
            "layout": [
                {"label": "K00 (B0,B5)", "matrix": [0, 0], "x": 0, "y": 0},
                {"label": "K01 (B0,B6)", "matrix": [0, 1], "x": 1, "y": 0},
                {"label": "K02 (B0,B7)", "matrix": [0, 2], "x": 2, "y": 0},
                {"label": "K03 (B0,C0)", "matrix": [0, 3], "x": 3, "y": 0},
                {"label": "K04 (B0,C1)", "matrix": [0, 4], "x": 4, "y": 0},
                {"label": "K05 (B0,C2)", "matrix": [0, 5], "x": 5, "y": 0},
                {"label": "K06 (B0,C3)", "matrix": [0, 6], "x": 6, "y": 0},
                {"label": "K07 (B0,C4)", "matrix": [0, 7], "x": 7, "y": 0},
                {"label": "K08 (B0,C5)", "matrix": [0, 8], "x": 8, "y": 0},
                {"label": "K09 (B0,C6)", "matrix": [0, 9], "x": 9, "y": 0},
                {"label": "K0A (B0,C7)", "matrix": [0, 10], "x": 10, "y": 0},
                {"label": "K0B (B0,D0)", "matrix": [0, 11], "x": 11, "y": 0},
                {"label": "K0C (B0,D1)", "matrix": [0, 12], "x": 12, "y": 0, "w": 1.25},
                {"label": "K0D (B0,D2)", "matrix": [0, 13], "x": 15.5, "y": 0},
                {"label": "K0E (B0,D3)", "matrix": [0, 14], "x": 16.5, "y": 0},
                {"label": "K0F (B0,D4)", "matrix": [0, 15], "x": 17.5, "y": 0},
                {"label": "K10 (B1,B5)", "matrix": [1, 0], "x": 0, "y": 1, "w": 1.25},
                {"label": "K11 (B1,B6)", "matrix": [1, 1], "x": 1.25, "y": 1},
                {"label": "K12 (B1,B7)", "matrix": [1, 2], "x": 2.25, "y": 1},
                {"label": "K13 (B1,C0)", "matrix": [1, 3], "x": 3.25, "y": 1},
                {"label": "K14 (B1,C1)", "matrix": [1, 4], "x": 4.25, "y": 1},
                {"label": "K15 (B1,C2)", "matrix": [1, 5], "x": 5.25, "y": 1},
                {"label": "K16 (B1,C3)", "matrix": [1, 6], "x": 6.25, "y": 1},
                {"label": "K17 (B1,C4)", "matrix": [1, 7], "x": 7.25, "y": 1},
                {"label": "K18 (B1,C5)", "matrix": [1, 8], "x": 8.25, "y": 1},
                {"label": "K19 (B1,C6)", "matrix": [1, 9], "x": 9.25, "y": 1},
                {"label": "K1A (B1,C7)", "matrix": [1, 10], "x": 10.25, "y": 1},
                {"label": "K1B (B1,D0)", "matrix": [1, 11], "x": 11.25, "y": 1, "w": 2},
                {"label": "K1D (B1,D2)", "matrix": [1, 13], "x": 15.5, "y": 1},
                {"label": "K1E (B1,D3)", "matrix": [1, 14], "x": 16.5, "y": 1},
                {"label": "K1F (B1,D4)", "matrix": [1, 15], "x": 17.5, "y": 1},
                {"label": "K20 (B2,B5)", "matrix": [2, 0], "x": 0, "y": 2, "w": 1.75},
                {"label": "K21 (B2,B6)", "matrix": [2, 1], "x": 1.75, "y": 2},
                {"label": "K22 (B2,B7)", "matrix": [2, 2], "x": 2.75, "y": 2},
                {"label": "K23 (B2,C0)", "matrix": [2, 3], "x": 3.75, "y": 2},
                {"label": "K24 (B2,C1)", "matrix": [2, 4], "x": 4.75, "y": 2},
                {"label": "K25 (B2,C2)", "matrix": [2, 5], "x": 5.75, "y": 2},
                {"label": "K26 (B2,C3)", "matrix": [2, 6], "x": 6.75, "y": 2},
                {"label": "K27 (B2,C4)", "matrix": [2, 7], "x": 7.75, "y": 2},
                {"label": "K28 (B2,C5)", "matrix": [2, 8], "x": 8.75, "y": 2},
                {"label": "K29 (B2,C6)", "matrix": [2, 9], "x": 9.75, "y": 2},
                {"label": "K2A (B2,C7)", "matrix": [2, 10], "x": 10.75, "y": 2},
                {"label": "K2B (B2,D0)", "matrix": [2, 11], "x": 11.75, "y": 2, "w": 1.25},
                {"label": "K2D (B2,D2)", "matrix": [2, 13], "x": 15.5, "y": 2},
                {"label": "K2E (B2,D3)", "matrix": [2, 14], "x": 16.5, "y": 2},
                {"label": "K2F (B2,D4)", "matrix": [2, 15], "x": 17.5, "y": 2},
                {"label": "K2C (B2,D1)", "matrix": [2, 12], "x": 13.75, "y": 2.5},
                {"label": "K30 (B3,B5)", "matrix": [3, 0], "x": 0, "y": 3, "w": 1.25},
                {"label": "K31 (B3,B6)", "matrix": [3, 1], "x": 1.25, "y": 3},
                {"label": "K32 (B3,B7)", "matrix": [3, 2], "x": 2.25, "y": 3},
                {"label": "K35 (B3,C2)", "matrix": [3, 5], "x": 3.25, "y": 3, "w": 6.25},
                {"label": "K39 (B3,C6)", "matrix": [3, 9], "x": 9.5, "y": 3, "w": 1.25},
                {"label": "K3A (B3,C7)", "matrix": [3, 10], "x": 10.75, "y": 3, "w": 1.25},
                {"label": "K3E (B3,D3)", "matrix": [3, 14], "x": 16.5, "y": 3},
                {"label": "K3F (B3,D4)", "matrix": [3, 15], "x": 17.5, "y": 3},
                {"label": "K3B (B3,D0)", "matrix": [3, 11], "x": 12.75, "y": 3.5},
                {"label": "K3C (B3,D1)", "matrix": [3, 12], "x": 13.75, "y": 3.5},
                {"label": "K3D (B3,D2)", "matrix": [3, 13], "x": 14.75, "y": 3.5}
           ]
        }
    },
    "meta": "https://noroadsleft.github.io/kbf_qmk_converter/"
}
