{
    "keyboard_name": "",
    "manufacturer": "",
    "url": "",
    "maintainer": "qmk",
    "usb": {
        "vid": "0xFEED",
        "pid": "0x0000",
        "device_version": "1.0.0"
    },
    "processor": "atmega32u4",
    "bootloader": "atmel-dfu",
    "matrix_pins": {
        "rows": ["B1", "F7", "F6", "F5"],
        "cols": ["D1", "D0", "D4", "C6", "D7", "E6", "B4", "B5", "B7", "D5", "C7", "F1", "F0", "B6", "B2", "B3"]
    },
    "diode_direction": "COL2ROW",
    "features": {
        "bootmagic": true,
        "mousekey": true,
        "extrakey": true,
        "console": false,
        "command": false,
        "nkro": false,
        "backlight": false,
        "rgblight": false,
        "audio": false,
        "key_lock": false
    },
    "layouts": {
        "LAYOUT": {
            "layout": [
                {"label": "K00 (B1,D1)", "matrix": [0, 0], "x": 0, "y": 0},
                {"label": "K01 (B1,D0)", "matrix": [0, 1], "x": 1, "y": 0},
                {"label": "K02 (B1,D4)", "matrix": [0, 2], "x": 2, "y": 0},
                {"label": "K03 (B1,C6)", "matrix": [0, 3], "x": 3, "y": 0},
                {"label": "K04 (B1,D7)", "matrix": [0, 4], "x": 4, "y": 0},
                {"label": "K05 (B1,E6)", "matrix": [0, 5], "x": 5, "y": 0},
                {"label": "K06 (B1,B4)", "matrix": [0, 6], "x": 6, "y": 0},
                {"label": "K07 (B1,B5)", "matrix": [0, 7], "x": 7, "y": 0},
                {"label": "K08 (B1,B7)", "matrix": [0, 8], "x": 8, "y": 0},
                {"label": "K09 (B1,D5)", "matrix": [0, 9], "x": 9, "y": 0},
                {"label": "K0A (B1,C7)", "matrix": [0, 10], "x": 10, "y": 0},
                {"label": "K0B (B1,F1)", "matrix": [0, 11], "x": 11, "y": 0},
                {"label": "K0C (B1,F0)", "matrix": [0, 12], "x": 12, "y": 0, "w": 1.25},
                {"label": "K0D (B1,B6)", "matrix": [0, 13], "x": 15.5, "y": 0},
                {"label": "K0E (B1,B2)", "matrix": [0, 14], "x": 16.5, "y": 0},
                {"label": "K0F (B1,B3)", "matrix": [0, 15], "x": 17.5, "y": 0},
                {"label": "K10 (F7,D1)", "matrix": [1, 0], "x": 0, "y": 1, "w": 1.25},
                {"label": "K11 (F7,D0)", "matrix": [1, 1], "x": 1.25, "y": 1},
                {"label": "K12 (F7,D4)", "matrix": [1, 2], "x": 2.25, "y": 1},
                {"label": "K13 (F7,C6)", "matrix": [1, 3], "x": 3.25, "y": 1},
                {"label": "K14 (F7,D7)", "matrix": [1, 4], "x": 4.25, "y": 1},
                {"label": "K15 (F7,E6)", "matrix": [1, 5], "x": 5.25, "y": 1},
                {"label": "K16 (F7,B4)", "matrix": [1, 6], "x": 6.25, "y": 1},
                {"label": "K17 (F7,B5)", "matrix": [1, 7], "x": 7.25, "y": 1},
                {"label": "K18 (F7,B7)", "matrix": [1, 8], "x": 8.25, "y": 1},
                {"label": "K19 (F7,D5)", "matrix": [1, 9], "x": 9.25, "y": 1},
                {"label": "K1A (F7,C7)", "matrix": [1, 10], "x": 10.25, "y": 1},
                {"label": "K1B (F7,F1)", "matrix": [1, 11], "x": 11.25, "y": 1, "w": 2},
                {"label": "K1D (F7,B6)", "matrix": [1, 13], "x": 15.5, "y": 1},
                {"label": "K1E (F7,B2)", "matrix": [1, 14], "x": 16.5, "y": 1},
                {"label": "K1F (F7,B3)", "matrix": [1, 15], "x": 17.5, "y": 1},
                {"label": "K20 (F6,D1)", "matrix": [2, 0], "x": 0, "y": 2, "w": 1.75},
                {"label": "K21 (F6,D0)", "matrix": [2, 1], "x": 1.75, "y": 2},
                {"label": "K22 (F6,D4)", "matrix": [2, 2], "x": 2.75, "y": 2},
                {"label": "K23 (F6,C6)", "matrix": [2, 3], "x": 3.75, "y": 2},
                {"label": "K24 (F6,D7)", "matrix": [2, 4], "x": 4.75, "y": 2},
                {"label": "K25 (F6,E6)", "matrix": [2, 5], "x": 5.75, "y": 2},
                {"label": "K26 (F6,B4)", "matrix": [2, 6], "x": 6.75, "y": 2},
                {"label": "K27 (F6,B5)", "matrix": [2, 7], "x": 7.75, "y": 2},
                {"label": "K28 (F6,B7)", "matrix": [2, 8], "x": 8.75, "y": 2},
                {"label": "K29 (F6,D5)", "matrix": [2, 9], "x": 9.75, "y": 2},
                {"label": "K2A (F6,C7)", "matrix": [2, 10], "x": 10.75, "y": 2},
                {"label": "K2B (F6,F1)", "matrix": [2, 11], "x": 11.75, "y": 2, "w": 1.25},
                {"label": "K2D (F6,B6)", "matrix": [2, 13], "x": 15.5, "y": 2},
                {"label": "K2E (F6,B2)", "matrix": [2, 14], "x": 16.5, "y": 2},
                {"label": "K2F (F6,B3)", "matrix": [2, 15], "x": 17.5, "y": 2},
                {"label": "K2C (F6,F0)", "matrix": [2, 12], "x": 13.75, "y": 2.5},
                {"label": "K30 (F5,D1)", "matrix": [3, 0], "x": 0, "y": 3, "w": 1.25},
                {"label": "K31 (F5,D0)", "matrix": [3, 1], "x": 1.25, "y": 3},
                {"label": "K32 (F5,D4)", "matrix": [3, 2], "x": 2.25, "y": 3},
                {"label": "K35 (F5,E6)", "matrix": [3, 5], "x": 3.25, "y": 3, "w": 6.25},
                {"label": "K39 (F5,D5)", "matrix": [3, 9], "x": 9.5, "y": 3, "w": 1.25},
                {"label": "K3A (F5,C7)", "matrix": [3, 10], "x": 10.75, "y": 3, "w": 1.25},
                {"label": "K3E (F5,B2)", "matrix": [3, 14], "x": 16.5, "y": 3},
                {"label": "K3F (F5,B3)", "matrix": [3, 15], "x": 17.5, "y": 3},
                {"label": "K3B (F5,F1)", "matrix": [3, 11], "x": 12.75, "y": 3.5},
                {"label": "K3C (F5,F0)", "matrix": [3, 12], "x": 13.75, "y": 3.5},
                {"label": "K3D (F5,B6)", "matrix": [3, 13], "x": 14.75, "y": 3.5}
           ]
        }
    },
    "meta": "https://noroadsleft.github.io/kbf_qmk_converter/"
}
