{
    "keyboard_name": "60% new",
    "manufacturer": "",
    "url": "",
    "maintainer": "qmk",
    "usb": {
        "vid": "0xFEED",
        "pid": "0x0000",
        "device_version": "1.0.0"
    },
    "processor": "atmega32u4",
    "bootloader": "atmel-dfu",
    "matrix_pins": {
        "rows": ["D3", "D2", "D1", "D0", "D4"],
        "cols": ["C6", "D7", "E6", "B4", "B5", "B7", "D5", "C7", "F1", "F0", "B6", "F6", "F5", "F4", "B0"]
    },
    "diode_direction": "COL2ROW",
    "features": {
        "bootmagic": true,
        "mousekey": true,
        "extrakey": true,
        "console": false,
        "command": false,
        "nkro": false,
        "backlight": false,
        "rgblight": false,
        "audio": false,
        "key_lock": false
    },
    "layouts": {
        "LAYOUT": {
            "layout": [
                {"label": "K00 (D3,C6)", "matrix": [0, 0], "x": 0, "y": 0},
                {"label": "K01 (D3,D7)", "matrix": [0, 1], "x": 1, "y": 0},
                {"label": "K02 (D3,E6)", "matrix": [0, 2], "x": 2, "y": 0},
                {"label": "K03 (D3,B4)", "matrix": [0, 3], "x": 3, "y": 0},
                {"label": "K04 (D3,B5)", "matrix": [0, 4], "x": 4, "y": 0},
                {"label": "K05 (D3,B7)", "matrix": [0, 5], "x": 5, "y": 0},
                {"label": "K06 (D3,D5)", "matrix": [0, 6], "x": 6, "y": 0},
                {"label": "K07 (D3,C7)", "matrix": [0, 7], "x": 7, "y": 0},
                {"label": "K08 (D3,F1)", "matrix": [0, 8], "x": 8, "y": 0},
                {"label": "K09 (D3,F0)", "matrix": [0, 9], "x": 9, "y": 0},
                {"label": "K0A (D3,B6)", "matrix": [0, 10], "x": 10, "y": 0},
                {"label": "K0B (D3,F6)", "matrix": [0, 11], "x": 11, "y": 0},
                {"label": "K0C (D3,F5)", "matrix": [0, 12], "x": 12, "y": 0},
                {"label": "K0D (D3,F4)", "matrix": [0, 13], "x": 13, "y": 0, "w": 2},
                {"label": "K10 (D2,C6)", "matrix": [1, 0], "x": 0, "y": 1, "w": 1.5},
                {"label": "K12 (D2,E6)", "matrix": [1, 2], "x": 1.5, "y": 1},
                {"label": "K13 (D2,B4)", "matrix": [1, 3], "x": 2.5, "y": 1},
                {"label": "K14 (D2,B5)", "matrix": [1, 4], "x": 3.5, "y": 1},
                {"label": "K15 (D2,B7)", "matrix": [1, 5], "x": 4.5, "y": 1},
                {"label": "K16 (D2,D5)", "matrix": [1, 6], "x": 5.5, "y": 1},
                {"label": "K17 (D2,C7)", "matrix": [1, 7], "x": 6.5, "y": 1},
                {"label": "K18 (D2,F1)", "matrix": [1, 8], "x": 7.5, "y": 1},
                {"label": "K19 (D2,F0)", "matrix": [1, 9], "x": 8.5, "y": 1},
                {"label": "K1A (D2,B6)", "matrix": [1, 10], "x": 9.5, "y": 1},
                {"label": "K1B (D2,F6)", "matrix": [1, 11], "x": 10.5, "y": 1},
                {"label": "K1C (D2,F5)", "matrix": [1, 12], "x": 11.5, "y": 1},
                {"label": "K1D (D2,F4)", "matrix": [1, 13], "x": 12.5, "y": 1},
                {"label": "K1E (D2,B0)", "matrix": [1, 14], "x": 13.5, "y": 1, "w": 1.5},
                {"label": "K20 (D1,C6)", "matrix": [2, 0], "x": 0, "y": 2, "w": 1.75},
                {"label": "K22 (D1,E6)", "matrix": [2, 2], "x": 1.75, "y": 2},
                {"label": "K23 (D1,B4)", "matrix": [2, 3], "x": 2.75, "y": 2},
                {"label": "K24 (D1,B5)", "matrix": [2, 4], "x": 3.75, "y": 2},
                {"label": "K25 (D1,B7)", "matrix": [2, 5], "x": 4.75, "y": 2},
                {"label": "K26 (D1,D5)", "matrix": [2, 6], "x": 5.75, "y": 2},
                {"label": "K27 (D1,C7)", "matrix": [2, 7], "x": 6.75, "y": 2},
                {"label": "K28 (D1,F1)", "matrix": [2, 8], "x": 7.75, "y": 2},
                {"label": "K29 (D1,F0)", "matrix": [2, 9], "x": 8.75, "y": 2},
                {"label": "K2A (D1,B6)", "matrix": [2, 10], "x": 9.75, "y": 2},
                {"label": "K2B (D1,F6)", "matrix": [2, 11], "x": 10.75, "y": 2},
                {"label": "K2C (D1,F5)", "matrix": [2, 12], "x": 11.75, "y": 2},
                {"label": "K2D (D1,F4)", "matrix": [2, 13], "x": 12.75, "y": 2, "w": 2.25},
                {"label": "K31 (D0,D7)", "matrix": [3, 1], "x": 0, "y": 3, "w": 2.25},
                {"label": "K32 (D0,E6)", "matrix": [3, 2], "x": 2.25, "y": 3},
                {"label": "K33 (D0,B4)", "matrix": [3, 3], "x": 3.25, "y": 3},
                {"label": "K34 (D0,B5)", "matrix": [3, 4], "x": 4.25, "y": 3},
                {"label": "K35 (D0,B7)", "matrix": [3, 5], "x": 5.25, "y": 3},
                {"label": "K36 (D0,D5)", "matrix": [3, 6], "x": 6.25, "y": 3},
                {"label": "K37 (D0,C7)", "matrix": [3, 7], "x": 7.25, "y": 3},
                {"label": "K38 (D0,F1)", "matrix": [3, 8], "x": 8.25, "y": 3},
                {"label": "K39 (D0,F0)", "matrix": [3, 9], "x": 9.25, "y": 3},
                {"label": "K3A (D0,B6)", "matrix": [3, 10], "x": 10.25, "y": 3},
                {"label": "K3B (D0,F6)", "matrix": [3, 11], "x": 11.25, "y": 3},
                {"label": "K3D (D0,F4)", "matrix": [3, 13], "x": 12.25, "y": 3, "w": 2.75},
                {"label": "K40 (D4,C6)", "matrix": [4, 0], "x": 0, "y": 4, "w": 1.25},
                {"label": "K41 (D4,D7)", "matrix": [4, 1], "x": 1.25, "y": 4, "w": 1.25},
                {"label": "K43 (D4,B4)", "matrix": [4, 3], "x": 2.5, "y": 4, "w": 1.25},
                {"label": "K46 (D4,D5)", "matrix": [4, 6], "x": 3.75, "y": 4, "w": 6.25},
                {"label": "K4A (D4,B6)", "matrix": [4, 10], "x": 10, "y": 4, "w": 1.25},
                {"label": "K4B (D4,F6)", "matrix": [4, 11], "x": 11.25, "y": 4, "w": 1.25},
                {"label": "K4C (D4,F5)", "matrix": [4, 12], "x": 12.5, "y": 4, "w": 1.25},
                {"label": "K4D (D4,F4)", "matrix": [4, 13], "x": 13.75, "y": 4, "w": 1.25},
                {"label": "K4E (D4,B0)", "matrix": [4, 14], "x": 15, "y": 4},
                {"label": "K3E (D0,B0)", "matrix": [3, 14], "x": 17.5, "y": 4}
           ]
        }
    },
    "meta": "https://noroadsleft.github.io/kbf_qmk_converter/"
}
